node,no miRNA_pct,no miRNA_ci,miR-155-5p only_pct,miR-155-5p only_ci,miR-34c-5p only_pct,miR-34c-5p only_ci,both_pct,both_ci
TBX21,27.0,22.9-31.6,36.2,31.7-41.1,30.0,25.7-34.7,38.2,33.6-43.1
GATA3,44.0,39.2-48.9,15.5,12.3-19.4,45.2,40.4-50.1,13.8,10.7-17.5
RORC,34.8,30.2-39.5,24.8,20.8-29.2,29.8,25.5-34.4,20.8,17.1-25.0
FOXP3,23.8,19.8-28.2,31.5,27.1-36.2,22.8,18.9-27.1,30.2,26.0-34.9
BCL6,50.5,45.6-55.4,22.2,18.4-26.6,43.5,38.7-48.4,19.2,15.7-23.4
AHR,40.2,35.6-45.1,14.0,10.9-17.7,30.5,26.2-35.2,9.8,7.2-13.1
SPI1-PU1,37.8,33.1-42.6,4.5,2.9-7.0,33.2,28.8-38.0,3.0,1.7-5.2
NFAT,21.0,17.3-25.3,28.7,24.5-33.4,24.8,20.8-29.2,25.8,21.7-30.3
NFKB,29.8,25.5-34.4,11.8,9.0-15.3,34.5,30.0-39.3,11.0,8.3-14.4
STAT3,49.0,44.1-53.9,39.5,34.8-44.4,40.8,36.0-45.6,30.2,26.0-34.9
STAT5,79.0,74.7-82.7,72.5,67.9-76.6,80.5,76.3-84.1,68.8,64.0-73.1
MYC,50.2,45.4-55.1,38.8,34.1-43.6,33.5,29.1-38.3,39.8,35.1-44.6
TP53,57.2,52.4-62.0,55.8,50.9-60.5,56.2,51.4-61.0,57.5,52.6-62.3
SP1,22.8,18.9-27.1,29.5,25.2-34.1,21.8,18.0-26.1,26.2,22.2-30.8
MDM2,5.8,3.9-8.5,11.0,8.3-14.4,8.8,6.4-11.9,8.8,6.4-11.9
IL17,0.0,0-1.0,0.0,0-1.0,0.0,0-1.0,0.0,0-1.0
IL4,23.2,19.4-27.6,23.2,19.4-27.6,23.5,19.6-27.9,22.8,18.9-27.1
IFNG,5.2,3.5-7.9,3.0,1.7-5.2,5.8,3.9-8.5,3.0,1.7-5.2
IL2,52.0,47.1-56.9,42.8,38.0-47.6,53.8,48.9-58.6,40.2,35.6-45.1
CDKN1A-p21,91.5,88.4-93.9,83.8,79.8-87.0,88.5,85.0-91.3,84.2,80.4-87.5
