source_model,variant,condition,master_tf,active
Naldi_2010,A,no miRNA,TBX21,1
Naldi_2010,A,no miRNA,TBX21,1
Naldi_2010,A,no miRNA,TBX21,1
Naldi_2010,A,no miRNA,TBX21,1
Naldi_2010,A,no miRNA,TBX21,1
Naldi_2010,A,no miRNA,TBX21,0
Naldi_2010,A,no miRNA,TBX21,0
Naldi_2010,A,no miRNA,TBX21,0
Naldi_2010,A,no miRNA,TBX21,0
Naldi_2010,A,no miRNA,TBX21,0
Naldi_2010,A,no miRNA,TBX21,0
Naldi_2010,A,no miRNA,TBX21,0
Naldi_2010,A,no miRNA,GATA3,1
Naldi_2010,A,no miRNA,GATA3,1
Naldi_2010,A,no miRNA,GATA3,0
Naldi_2010,A,no miRNA,GATA3,0
Naldi_2010,A,no miRNA,GATA3,0
Naldi_2010,A,no miRNA,GATA3,0
Naldi_2010,A,no miRNA,GATA3,0
Naldi_2010,A,no miRNA,GATA3,0
Naldi_2010,A,no miRNA,GATA3,0
Naldi_2010,A,no miRNA,GATA3,0
Naldi_2010,A,no miRNA,GATA3,0
Naldi_2010,A,no miRNA,GATA3,0
Naldi_2010,A,no miRNA,RORC,1
Naldi_2010,A,no miRNA,RORC,1
Naldi_2010,A,no miRNA,RORC,1
Naldi_2010,A,no miRNA,RORC,1
Naldi_2010,A,no miRNA,RORC,1
Naldi_2010,A,no miRNA,RORC,0
Naldi_2010,A,no miRNA,RORC,0
Naldi_2010,A,no miRNA,RORC,0
Naldi_2010,A,no miRNA,RORC,0
Naldi_2010,A,no miRNA,RORC,0
Naldi_2010,A,no miRNA,RORC,0
Naldi_2010,A,no miRNA,RORC,0
Naldi_2010,A,no miRNA,FOXP3,1
Naldi_2010,A,no miRNA,FOXP3,1
Naldi_2010,A,no miRNA,FOXP3,1
Naldi_2010,A,no miRNA,FOXP3,1
Naldi_2010,A,no miRNA,FOXP3,0
Naldi_2010,A,no miRNA,FOXP3,0
Naldi_2010,A,no miRNA,FOXP3,0
Naldi_2010,A,no miRNA,FOXP3,0
Naldi_2010,A,no miRNA,FOXP3,0
Naldi_2010,A,no miRNA,FOXP3,0
Naldi_2010,A,no miRNA,FOXP3,0
Naldi_2010,A,no miRNA,FOXP3,0
Naldi_2010,B,no miRNA,TBX21,1
Naldi_2010,B,no miRNA,TBX21,1
Naldi_2010,B,no miRNA,TBX21,1
Naldi_2010,B,no miRNA,TBX21,1
Naldi_2010,B,no miRNA,TBX21,0
Naldi_2010,B,no miRNA,TBX21,0
Naldi_2010,B,no miRNA,TBX21,0
Naldi_2010,B,no miRNA,TBX21,0
Naldi_2010,B,no miRNA,TBX21,0
Naldi_2010,B,no miRNA,GATA3,1
Naldi_2010,B,no miRNA,GATA3,1
Naldi_2010,B,no miRNA,GATA3,0
Naldi_2010,B,no miRNA,GATA3,0
Naldi_2010,B,no miRNA,GATA3,0
Naldi_2010,B,no miRNA,GATA3,0
Naldi_2010,B,no miRNA,GATA3,0
Naldi_2010,B,no miRNA,GATA3,0
Naldi_2010,B,no miRNA,GATA3,0
Naldi_2010,B,no miRNA,RORC,1
Naldi_2010,B,no miRNA,RORC,1
Naldi_2010,B,no miRNA,RORC,1
Naldi_2010,B,no miRNA,RORC,1
Naldi_2010,B,no miRNA,RORC,0
Naldi_2010,B,no miRNA,RORC,0
Naldi_2010,B,no miRNA,RORC,0
Naldi_2010,B,no miRNA,RORC,0
Naldi_2010,B,no miRNA,RORC,0
Naldi_2010,B,no miRNA,FOXP3,1
Naldi_2010,B,no miRNA,FOXP3,1
Naldi_2010,B,no miRNA,FOXP3,1
Naldi_2010,B,no miRNA,FOXP3,0
Naldi_2010,B,no miRNA,FOXP3,0
Naldi_2010,B,no miRNA,FOXP3,0
Naldi_2010,B,no miRNA,FOXP3,0
Naldi_2010,B,no miRNA,FOXP3,0
Naldi_2010,B,no miRNA,FOXP3,0
Naldi_2010,A,miR-155-5p only,TBX21,1
Naldi_2010,A,miR-155-5p only,TBX21,0
Naldi_2010,A,miR-155-5p only,GATA3,0
Naldi_2010,A,miR-155-5p only,GATA3,0
Naldi_2010,A,miR-155-5p only,RORC,1
Naldi_2010,A,miR-155-5p only,RORC,1
Naldi_2010,A,miR-155-5p only,FOXP3,1
Naldi_2010,A,miR-155-5p only,FOXP3,0
Naldi_2010,B,miR-155-5p only,TBX21,1
Naldi_2010,B,miR-155-5p only,TBX21,0
Naldi_2010,B,miR-155-5p only,GATA3,0
Naldi_2010,B,miR-155-5p only,GATA3,0
Naldi_2010,B,miR-155-5p only,RORC,1
Naldi_2010,B,miR-155-5p only,RORC,0
Naldi_2010,B,miR-155-5p only,FOXP3,1
Naldi_2010,B,miR-155-5p only,FOXP3,0
Abou-Jaoude_2015,-,no miRNA,TBX21,1
Abou-Jaoude_2015,-,no miRNA,TBX21,1
Abou-Jaoude_2015,-,no miRNA,TBX21,1
Abou-Jaoude_2015,-,no miRNA,TBX21,1
Abou-Jaoude_2015,-,no miRNA,TBX21,1
Abou-Jaoude_2015,-,no miRNA,TBX21,1
Abou-Jaoude_2015,-,no miRNA,TBX21,0
Abou-Jaoude_2015,-,no miRNA,TBX21,0
Abou-Jaoude_2015,-,no miRNA,TBX21,0
Abou-Jaoude_2015,-,no miRNA,TBX21,0
Abou-Jaoude_2015,-,no miRNA,TBX21,0
Abou-Jaoude_2015,-,no miRNA,TBX21,0
Abou-Jaoude_2015,-,no miRNA,GATA3,1
Abou-Jaoude_2015,-,no miRNA,GATA3,1
Abou-Jaoude_2015,-,no miRNA,GATA3,1
Abou-Jaoude_2015,-,no miRNA,GATA3,1
Abou-Jaoude_2015,-,no miRNA,GATA3,0
Abou-Jaoude_2015,-,no miRNA,GATA3,0
Abou-Jaoude_2015,-,no miRNA,GATA3,0
Abou-Jaoude_2015,-,no miRNA,GATA3,0
Abou-Jaoude_2015,-,no miRNA,GATA3,0
Abou-Jaoude_2015,-,no miRNA,GATA3,0
Abou-Jaoude_2015,-,no miRNA,GATA3,0
Abou-Jaoude_2015,-,no miRNA,GATA3,0
Abou-Jaoude_2015,-,no miRNA,RORC-STAT3+,1
Abou-Jaoude_2015,-,no miRNA,RORC-STAT3+,0
Abou-Jaoude_2015,-,no miRNA,RORC-STAT3+,0
Abou-Jaoude_2015,-,no miRNA,RORC-STAT3+,0
Abou-Jaoude_2015,-,no miRNA,RORC-STAT3+,0
Abou-Jaoude_2015,-,no miRNA,RORC-STAT3+,0
Abou-Jaoude_2015,-,no miRNA,RORC-STAT3+,0
Abou-Jaoude_2015,-,no miRNA,RORC-STAT3+,0
Abou-Jaoude_2015,-,no miRNA,RORC-STAT3+,0
Abou-Jaoude_2015,-,no miRNA,RORC-STAT3+,0
Abou-Jaoude_2015,-,no miRNA,RORC-STAT3+,0
Abou-Jaoude_2015,-,no miRNA,RORC-STAT3+,0
Abou-Jaoude_2015,-,no miRNA,SPI1,1
Abou-Jaoude_2015,-,no miRNA,SPI1,1
Abou-Jaoude_2015,-,no miRNA,SPI1,1
Abou-Jaoude_2015,-,no miRNA,SPI1,1
Abou-Jaoude_2015,-,no miRNA,SPI1,0
Abou-Jaoude_2015,-,no miRNA,SPI1,0
Abou-Jaoude_2015,-,no miRNA,SPI1,0
Abou-Jaoude_2015,-,no miRNA,SPI1,0
Abou-Jaoude_2015,-,no miRNA,SPI1,0
Abou-Jaoude_2015,-,no miRNA,SPI1,0
Abou-Jaoude_2015,-,no miRNA,SPI1,0
Abou-Jaoude_2015,-,no miRNA,SPI1,0
Abou-Jaoude_2015,-,no miRNA,FOXP3,1
Abou-Jaoude_2015,-,no miRNA,FOXP3,1
Abou-Jaoude_2015,-,no miRNA,FOXP3,1
Abou-Jaoude_2015,-,no miRNA,FOXP3,1
Abou-Jaoude_2015,-,no miRNA,FOXP3,0
Abou-Jaoude_2015,-,no miRNA,FOXP3,0
Abou-Jaoude_2015,-,no miRNA,FOXP3,0
Abou-Jaoude_2015,-,no miRNA,FOXP3,0
Abou-Jaoude_2015,-,no miRNA,FOXP3,0
Abou-Jaoude_2015,-,no miRNA,FOXP3,0
Abou-Jaoude_2015,-,no miRNA,FOXP3,0
Abou-Jaoude_2015,-,no miRNA,FOXP3,0
Abou-Jaoude_2015,-,no miRNA,STAT3_IL22,1
Abou-Jaoude_2015,-,no miRNA,STAT3_IL22,0
Abou-Jaoude_2015,-,no miRNA,STAT3_IL22,0
Abou-Jaoude_2015,-,no miRNA,STAT3_IL22,0
Abou-Jaoude_2015,-,no miRNA,STAT3_IL22,0
Abou-Jaoude_2015,-,no miRNA,STAT3_IL22,0
Abou-Jaoude_2015,-,no miRNA,STAT3_IL22,0
Abou-Jaoude_2015,-,no miRNA,STAT3_IL22,0
Abou-Jaoude_2015,-,no miRNA,STAT3_IL22,0
Abou-Jaoude_2015,-,no miRNA,STAT3_IL22,0
Abou-Jaoude_2015,-,no miRNA,STAT3_IL22,0
Abou-Jaoude_2015,-,no miRNA,STAT3_IL22,0
Abou-Jaoude_2015,-,miR-155-5p only,TBX21,1
Abou-Jaoude_2015,-,miR-155-5p only,TBX21,1
Abou-Jaoude_2015,-,miR-155-5p only,TBX21,0
Abou-Jaoude_2015,-,miR-155-5p only,TBX21,0
Abou-Jaoude_2015,-,miR-155-5p only,GATA3,1
Abou-Jaoude_2015,-,miR-155-5p only,GATA3,1
Abou-Jaoude_2015,-,miR-155-5p only,GATA3,0
Abou-Jaoude_2015,-,miR-155-5p only,GATA3,0
Abou-Jaoude_2015,-,miR-34c-5p only,TBX21,1
Abou-Jaoude_2015,-,miR-34c-5p only,TBX21,1
Abou-Jaoude_2015,-,miR-34c-5p only,TBX21,0
Abou-Jaoude_2015,-,miR-34c-5p only,TBX21,0
Abou-Jaoude_2015,-,miR-34c-5p only,GATA3,1
Abou-Jaoude_2015,-,miR-34c-5p only,GATA3,1
Abou-Jaoude_2015,-,miR-34c-5p only,GATA3,0
Abou-Jaoude_2015,-,miR-34c-5p only,GATA3,0
Abou-Jaoude_2015,-,both,TBX21,1
Abou-Jaoude_2015,-,both,TBX21,1
Abou-Jaoude_2015,-,both,TBX21,0
Abou-Jaoude_2015,-,both,TBX21,0
Abou-Jaoude_2015,-,both,GATA3,1
Abou-Jaoude_2015,-,both,GATA3,1
Abou-Jaoude_2015,-,both,GATA3,0
Abou-Jaoude_2015,-,both,GATA3,0
