n_runs,node,subtype,pct,ci_lo,ci_hi,ci_halfwidth
50,TBX21,Th1,44.0,31.2,57.7,13.3
50,GATA3,Th2,10.0,4.3,21.4,8.5
50,RORC,Th17,26.0,15.9,39.6,11.9
50,FOXP3,iTreg,36.0,24.1,49.9,12.9
50,BCL6,Tfh,36.0,24.1,49.9,12.9
50,AHR,Th22,10.0,4.3,21.4,8.5
50,SPI1-PU1,Th9,8.0,3.2,18.8,7.8
100,TBX21,Th1,44.0,34.7,53.8,9.5
100,GATA3,Th2,14.0,8.5,22.1,6.8
100,RORC,Th17,27.0,19.3,36.4,8.5
100,FOXP3,iTreg,31.0,22.8,40.6,8.9
100,BCL6,Tfh,30.0,21.9,39.6,8.9
100,AHR,Th22,12.0,7.0,19.8,6.4
100,SPI1-PU1,Th9,6.0,2.8,12.5,4.8
200,TBX21,Th1,37.5,31.1,44.4,6.6
200,GATA3,Th2,15.5,11.1,21.2,5.0
200,RORC,Th17,20.5,15.5,26.6,5.6
200,FOXP3,iTreg,30.0,24.1,36.7,6.3
200,BCL6,Tfh,22.0,16.8,28.2,5.7
200,AHR,Th22,11.5,7.8,16.7,4.4
200,SPI1-PU1,Th9,4.5,2.4,8.3,3.0
400,TBX21,Th1,38.2,33.6,43.1,4.8
400,GATA3,Th2,13.8,10.7,17.5,3.4
400,RORC,Th17,20.8,17.1,25.0,3.9
400,FOXP3,iTreg,30.2,26.0,34.9,4.4
400,BCL6,Tfh,19.2,15.7,23.4,3.8
400,AHR,Th22,9.8,7.2,13.1,2.9
400,SPI1-PU1,Th9,3.0,1.7,5.2,1.8
800,TBX21,Th1,36.5,33.2,39.9,3.3
800,GATA3,Th2,13.4,11.2,15.9,2.4
800,RORC,Th17,21.1,18.4,24.1,2.9
800,FOXP3,iTreg,30.8,27.7,34.0,3.2
800,BCL6,Tfh,18.9,16.3,21.7,2.7
800,AHR,Th22,11.2,9.2,13.6,2.2
800,SPI1-PU1,Th9,4.2,3.1,5.9,1.4
1600,TBX21,Th1,37.1,34.7,39.5,2.4
1600,GATA3,Th2,12.9,11.4,14.7,1.6
1600,RORC,Th17,21.9,20.0,24.0,2.0
1600,FOXP3,iTreg,30.8,28.6,33.1,2.2
1600,BCL6,Tfh,18.2,16.4,20.2,1.9
1600,AHR,Th22,11.0,9.6,12.6,1.5
1600,SPI1-PU1,Th9,4.1,3.2,5.1,0.9
