,no miRNA,miR-155-5p only,miR-34c-5p only,both
NFAT,21.0,28.8,24.8,25.8
NFKB,29.8,11.8,34.5,11.0
STAT3,49.0,39.5,40.8,30.2
STAT5,79.0,72.5,80.5,68.8
TBX21,27.0,36.2,30.0,38.2
GATA3,44.0,15.5,45.2,13.8
RORC,34.8,24.8,29.8,20.8
FOXP3,23.8,31.5,22.8,30.2
BCL6,50.5,22.2,43.5,19.2
AHR,40.2,14.0,30.5,9.8
SPI1-PU1,37.8,4.5,33.2,3.0
MYC,50.2,38.8,33.5,39.8
TP53,57.2,55.8,56.2,57.5
SP1,22.8,29.5,21.8,26.2
MDM2,5.8,11.0,8.8,8.8
IL17,0.0,0.0,0.0,0.0
IL4,23.2,23.2,23.5,22.8
IFNG,5.2,3.0,5.8,3.0
IL2,52.0,42.8,53.8,40.2
CDKN1A-p21,91.5,83.8,88.5,84.2
