node	n	k	pct	ci_lo	ci_hi	hypothesis
TBX21	300	106	35.3	30.1	40.9	Published (Table 5, 2019)
GATA3	300	47	15.7	12	20.2	Published (Table 5, 2019)
RORC	300	58	19.3	15.3	24.2	Published (Table 5, 2019)
FOXP3	300	88	29.3	24.5	34.7	Published (Table 5, 2019)
BCL6	300	52	17.3	13.5	22	Published (Table 5, 2019)
AHR	300	32	10.7	7.7	14.7	Published (Table 5, 2019)
SPI1-PU1	300	15	5	3.1	8.1	Published (Table 5, 2019)
miR-34c-5p	300	7	2.3	1.1	4.7	Published (Table 5, 2019)
STAT3	300	91	30.3	25.4	35.8	Published (Table 5, 2019)
MYC	300	100	33.3	28.2	38.8	Published (Table 5, 2019)
TP53	300	175	58.3	52.7	63.8	Published (Table 5, 2019)
FOXO3	300	117	39	33.7	44.6	Published (Table 5, 2019)
FOS	300	51	17	13.2	21.7	Published (Table 5, 2019)
TBX21	300	113	37.7	32.4	43.3	2017: GATA3 only
GATA3	300	38	12.7	9.4	16.9	2017: GATA3 only
RORC	300	20	6.7	4.4	10.1	2017: GATA3 only
FOXP3	300	49	16.3	12.6	20.9	2017: GATA3 only
BCL6	300	20	6.7	4.4	10.1	2017: GATA3 only
AHR	300	19	6.3	4.1	9.7	2017: GATA3 only
SPI1-PU1	300	2	0.7	0.2	2.4	2017: GATA3 only
miR-34c-5p	300	54	18	14.1	22.7	2017: GATA3 only
STAT3	300	32	10.7	7.7	14.7	2017: GATA3 only
MYC	300	98	32.7	27.6	38.2	2017: GATA3 only
TP53	300	173	57.7	52	63.1	2017: GATA3 only
FOXO3	300	116	38.7	33.3	44.3	2017: GATA3 only
FOS	300	29	9.7	6.8	13.5	2017: GATA3 only
TBX21	300	120	40	34.6	45.6	2017: MYC only
GATA3	300	46	15.3	11.7	19.8	2017: MYC only
RORC	300	43	14.3	10.8	18.8	2017: MYC only
FOXP3	300	73	24.3	19.8	29.5	2017: MYC only
BCL6	300	38	12.7	9.4	16.9	2017: MYC only
AHR	300	37	12.3	9.1	16.5	2017: MYC only
SPI1-PU1	300	16	5.3	3.3	8.5	2017: MYC only
miR-34c-5p	300	51	17	13.2	21.7	2017: MYC only
STAT3	300	65	21.7	17.4	26.7	2017: MYC only
MYC	300	86	28.7	23.8	34	2017: MYC only
TP53	300	172	57.3	51.7	62.8	2017: MYC only
FOXO3	300	129	43	37.5	48.7	2017: MYC only
FOS	300	51	17	13.2	21.7	2017: MYC only
TBX21	300	89	29.7	24.8	35.1	2017: TP53 or FOXO3
GATA3	300	27	9	6.3	12.8	2017: TP53 or FOXO3
RORC	300	10	3.3	1.8	6	2017: TP53 or FOXO3
FOXP3	300	29	9.7	6.8	13.5	2017: TP53 or FOXO3
BCL6	300	2	0.7	0.2	2.4	2017: TP53 or FOXO3
AHR	300	12	4	2.3	6.9	2017: TP53 or FOXO3
SPI1-PU1	300	2	0.7	0.2	2.4	2017: TP53 or FOXO3
miR-34c-5p	300	170	56.7	51	62.2	2017: TP53 or FOXO3
STAT3	300	10	3.3	1.8	6	2017: TP53 or FOXO3
MYC	300	38	12.7	9.4	16.9	2017: TP53 or FOXO3
TP53	300	162	54	48.3	59.6	2017: TP53 or FOXO3
FOXO3	300	107	35.7	30.5	41.2	2017: TP53 or FOXO3
FOS	300	25	8.3	5.7	12	2017: TP53 or FOXO3
TBX21	300	108	36	30.8	41.6	2017: MYC and (TP53 or FOXO3)
GATA3	300	53	17.7	13.8	22.4	2017: MYC and (TP53 or FOXO3)
RORC	300	62	20.7	16.5	25.6	2017: MYC and (TP53 or FOXO3)
FOXP3	300	81	27	22.3	32.3	2017: MYC and (TP53 or FOXO3)
BCL6	300	57	19	15	23.8	2017: MYC and (TP53 or FOXO3)
AHR	300	36	12	8.8	16.2	2017: MYC and (TP53 or FOXO3)
SPI1-PU1	300	16	5.3	3.3	8.5	2017: MYC and (TP53 or FOXO3)
miR-34c-5p	300	25	8.3	5.7	12	2017: MYC and (TP53 or FOXO3)
STAT3	300	89	29.7	24.8	35.1	2017: MYC and (TP53 or FOXO3)
MYC	300	94	31.3	26.3	36.8	2017: MYC and (TP53 or FOXO3)
TP53	300	175	58.3	52.7	63.8	2017: MYC and (TP53 or FOXO3)
FOXO3	300	127	42.3	36.9	48	2017: MYC and (TP53 or FOXO3)
FOS	300	53	17.7	13.8	22.4	2017: MYC and (TP53 or FOXO3)
TBX21	300	99	33	27.9	38.5	2017: GATA3 and (TP53 or FOXO3)
GATA3	300	47	15.7	12	20.2	2017: GATA3 and (TP53 or FOXO3)
RORC	300	59	19.7	15.6	24.5	2017: GATA3 and (TP53 or FOXO3)
FOXP3	300	87	29	24.2	34.4	2017: GATA3 and (TP53 or FOXO3)
BCL6	300	51	17	13.2	21.7	2017: GATA3 and (TP53 or FOXO3)
AHR	300	31	10.3	7.4	14.3	2017: GATA3 and (TP53 or FOXO3)
SPI1-PU1	300	12	4	2.3	6.9	2017: GATA3 and (TP53 or FOXO3)
miR-34c-5p	300	32	10.7	7.7	14.7	2017: GATA3 and (TP53 or FOXO3)
STAT3	300	86	28.7	23.8	34	2017: GATA3 and (TP53 or FOXO3)
MYC	300	96	32	27	37.5	2017: GATA3 and (TP53 or FOXO3)
TP53	300	170	56.7	51	62.2	2017: GATA3 and (TP53 or FOXO3)
FOXO3	300	112	37.3	32.1	42.9	2017: GATA3 and (TP53 or FOXO3)
FOS	300	51	17	13.2	21.7	2017: GATA3 and (TP53 or FOXO3)
TBX21	300	105	35	29.8	40.6	2017: (GATA3 or MYC) and (TP53 or FOXO3)
GATA3	300	53	17.7	13.8	22.4	2017: (GATA3 or MYC) and (TP53 or FOXO3)
RORC	300	53	17.7	13.8	22.4	2017: (GATA3 or MYC) and (TP53 or FOXO3)
FOXP3	300	75	25	20.4	30.2	2017: (GATA3 or MYC) and (TP53 or FOXO3)
BCL6	300	44	14.7	11.1	19.1	2017: (GATA3 or MYC) and (TP53 or FOXO3)
AHR	300	33	11	7.9	15	2017: (GATA3 or MYC) and (TP53 or FOXO3)
SPI1-PU1	300	12	4	2.3	6.9	2017: (GATA3 or MYC) and (TP53 or FOXO3)
miR-34c-5p	300	59	19.7	15.6	24.5	2017: (GATA3 or MYC) and (TP53 or FOXO3)
STAT3	300	76	25.3	20.7	30.5	2017: (GATA3 or MYC) and (TP53 or FOXO3)
MYC	300	89	29.7	24.8	35.1	2017: (GATA3 or MYC) and (TP53 or FOXO3)
TP53	300	173	57.7	52	63.1	2017: (GATA3 or MYC) and (TP53 or FOXO3)
FOXO3	300	123	41	35.6	46.6	2017: (GATA3 or MYC) and (TP53 or FOXO3)
FOS	300	50	16.7	12.9	21.3	2017: (GATA3 or MYC) and (TP53 or FOXO3)
TBX21	300	125	41.7	36.2	47.3	2017: GATA3, MYC or FOS
GATA3	300	39	13	9.7	17.3	2017: GATA3, MYC or FOS
RORC	300	17	5.7	3.6	8.9	2017: GATA3, MYC or FOS
FOXP3	300	40	13.3	9.9	17.6	2017: GATA3, MYC or FOS
BCL6	300	7	2.3	1.1	4.7	2017: GATA3, MYC or FOS
AHR	300	23	7.7	5.2	11.2	2017: GATA3, MYC or FOS
SPI1-PU1	300	5	1.7	0.7	3.8	2017: GATA3, MYC or FOS
miR-34c-5p	300	114	38	32.7	43.6	2017: GATA3, MYC or FOS
STAT3	300	15	5	3.1	8.1	2017: GATA3, MYC or FOS
MYC	300	69	23	18.6	28.1	2017: GATA3, MYC or FOS
TP53	300	156	52	46.4	57.6	2017: GATA3, MYC or FOS
FOXO3	300	115	38.3	33	43.9	2017: GATA3, MYC or FOS
FOS	300	36	12	8.8	16.2	2017: GATA3, MYC or FOS
