node	n	k	pct	ci_lo	ci_hi	condition
NFAT	300	63	21	16.8	26	no miRNA
NFKB	300	98	32.7	27.6	38.2	no miRNA
STAT3	300	141	47	41.4	52.7	no miRNA
STAT5	300	247	82.3	77.6	86.2	no miRNA
TBX21	300	107	35.7	30.5	41.2	no miRNA
GATA3	300	144	48	42.4	53.6	no miRNA
RORC	300	107	35.7	30.5	41.2	no miRNA
FOXP3	300	74	24.7	20.1	29.8	no miRNA
BCL6	300	152	50.7	45	56.3	no miRNA
AHR	300	104	34.7	29.5	40.2	no miRNA
SPI1-PU1	300	107	35.7	30.5	41.2	no miRNA
MYC	300	146	48.7	43.1	54.3	no miRNA
TP53	300	156	52	46.4	57.6	no miRNA
SP1	300	61	20.3	16.2	25.2	no miRNA
MDM2	300	23	7.7	5.2	11.2	no miRNA
IL17	300	0	0	0	1.3	no miRNA
IL4	300	64	21.3	17.1	26.3	no miRNA
IFNG	300	20	6.7	4.4	10.1	no miRNA
IL2	300	172	57.3	51.7	62.8	no miRNA
CDKN1A-p21	300	269	89.7	85.7	92.6	no miRNA
NFAT	300	77	25.7	21.1	30.9	miR-155-5p only
NFKB	300	41	13.7	10.2	18	miR-155-5p only
STAT3	300	120	40	34.6	45.6	miR-155-5p only
STAT5	300	211	70.3	64.9	75.2	miR-155-5p only
TBX21	300	114	38	32.7	43.6	miR-155-5p only
GATA3	300	47	15.7	12	20.2	miR-155-5p only
RORC	300	75	25	20.4	30.2	miR-155-5p only
FOXP3	300	83	27.7	22.9	33	miR-155-5p only
BCL6	300	60	20	15.9	24.9	miR-155-5p only
AHR	300	38	12.7	9.4	16.9	miR-155-5p only
SPI1-PU1	300	13	4.3	2.5	7.3	miR-155-5p only
MYC	300	118	39.3	34	45	miR-155-5p only
TP53	300	189	63	57.4	68.3	miR-155-5p only
SP1	300	91	30.3	25.4	35.8	miR-155-5p only
MDM2	300	27	9	6.3	12.8	miR-155-5p only
IL17	300	0	0	0	1.3	miR-155-5p only
IL4	300	58	19.3	15.3	24.2	miR-155-5p only
IFNG	300	11	3.7	2.1	6.4	miR-155-5p only
IL2	300	127	42.3	36.9	48	miR-155-5p only
CDKN1A-p21	300	247	82.3	77.6	86.2	miR-155-5p only
NFAT	300	59	19.7	15.6	24.5	miR-34c-5p only
NFKB	300	82	27.3	22.6	32.6	miR-34c-5p only
STAT3	300	122	40.7	35.3	46.3	miR-34c-5p only
STAT5	300	236	78.7	73.7	82.9	miR-34c-5p only
TBX21	300	95	31.7	26.7	37.1	miR-34c-5p only
GATA3	300	127	42.3	36.9	48	miR-34c-5p only
RORC	300	90	30	25.1	35.4	miR-34c-5p only
FOXP3	300	64	21.3	17.1	26.3	miR-34c-5p only
BCL6	300	141	47	41.4	52.7	miR-34c-5p only
AHR	300	86	28.7	23.8	34	miR-34c-5p only
SPI1-PU1	300	93	31	26	36.4	miR-34c-5p only
MYC	300	116	38.7	33.3	44.3	miR-34c-5p only
TP53	300	194	64.7	59.1	69.9	miR-34c-5p only
SP1	300	66	22	17.7	27	miR-34c-5p only
MDM2	300	16	5.3	3.3	8.5	miR-34c-5p only
IL17	300	0	0	0	1.3	miR-34c-5p only
IL4	300	63	21	16.8	26	miR-34c-5p only
IFNG	300	15	5	3.1	8.1	miR-34c-5p only
IL2	300	163	54.3	48.7	59.9	miR-34c-5p only
CDKN1A-p21	300	270	90	86.1	92.9	miR-34c-5p only
NFAT	300	78	26	21.4	31.2	both
NFKB	300	36	12	8.8	16.2	both
STAT3	300	91	30.3	25.4	35.8	both
STAT5	300	223	74.3	69.1	78.9	both
TBX21	300	106	35.3	30.1	40.9	both
GATA3	300	47	15.7	12	20.2	both
RORC	300	58	19.3	15.3	24.2	both
FOXP3	300	88	29.3	24.5	34.7	both
BCL6	300	52	17.3	13.5	22	both
AHR	300	32	10.7	7.7	14.7	both
SPI1-PU1	300	15	5	3.1	8.1	both
MYC	300	100	33.3	28.2	38.8	both
TP53	300	175	58.3	52.7	63.8	both
SP1	300	81	27	22.3	32.3	both
MDM2	300	32	10.7	7.7	14.7	both
IL17	300	0	0	0	1.3	both
IL4	300	71	23.7	19.2	28.8	both
IFNG	300	8	2.7	1.4	5.2	both
IL2	300	132	44	38.5	49.7	both
CDKN1A-p21	300	252	84	79.4	87.7	both
