node	n	k	pct	ci_lo	ci_hi	stimulation	mirna	th_label
TBX21	300	0	0	0	1.3	IL2 only	no miRNA	TBX21 (Th1)
GATA3	300	138	46	40.4	51.7	IL2 only	no miRNA	GATA3 (Th2)
RORC	300	0	0	0	1.3	IL2 only	no miRNA	RORC (Th17)
FOXP3	300	87	29	24.2	34.4	IL2 only	no miRNA	FOXP3 (iTreg)
BCL6	300	0	0	0	1.3	IL2 only	no miRNA	BCL6 (Tfh)
AHR	300	69	23	18.6	28.1	IL2 only	no miRNA	AHR (Th22)
SPI1-PU1	300	0	0	0	1.3	IL2 only	no miRNA	SPI1-PU1 (Th9)
TBX21	300	0	0	0	1.3	IL2 only	miR-155-5p only	TBX21 (Th1)
GATA3	300	35	11.7	8.5	15.8	IL2 only	miR-155-5p only	GATA3 (Th2)
RORC	300	0	0	0	1.3	IL2 only	miR-155-5p only	RORC (Th17)
FOXP3	300	88	29.3	24.5	34.7	IL2 only	miR-155-5p only	FOXP3 (iTreg)
BCL6	300	0	0	0	1.3	IL2 only	miR-155-5p only	BCL6 (Tfh)
AHR	300	32	10.7	7.7	14.7	IL2 only	miR-155-5p only	AHR (Th22)
SPI1-PU1	300	0	0	0	1.3	IL2 only	miR-155-5p only	SPI1-PU1 (Th9)
TBX21	300	0	0	0	1.3	IL2 only	miR-34c-5p only	TBX21 (Th1)
GATA3	300	131	43.7	38.2	49.3	IL2 only	miR-34c-5p only	GATA3 (Th2)
RORC	300	0	0	0	1.3	IL2 only	miR-34c-5p only	RORC (Th17)
FOXP3	300	80	26.7	22	31.9	IL2 only	miR-34c-5p only	FOXP3 (iTreg)
BCL6	300	0	0	0	1.3	IL2 only	miR-34c-5p only	BCL6 (Tfh)
AHR	300	60	20	15.9	24.9	IL2 only	miR-34c-5p only	AHR (Th22)
SPI1-PU1	300	0	0	0	1.3	IL2 only	miR-34c-5p only	SPI1-PU1 (Th9)
TBX21	300	0	0	0	1.3	IL2 only	both	TBX21 (Th1)
GATA3	300	51	17	13.2	21.7	IL2 only	both	GATA3 (Th2)
RORC	300	0	0	0	1.3	IL2 only	both	RORC (Th17)
FOXP3	300	86	28.7	23.8	34	IL2 only	both	FOXP3 (iTreg)
BCL6	300	0	0	0	1.3	IL2 only	both	BCL6 (Tfh)
AHR	300	27	9	6.3	12.8	IL2 only	both	AHR (Th22)
SPI1-PU1	300	0	0	0	1.3	IL2 only	both	SPI1-PU1 (Th9)
TBX21	300	178	59.3	53.7	64.7	Th1 (+IL12)	no miRNA	TBX21 (Th1)
GATA3	300	138	46	40.4	51.7	Th1 (+IL12)	no miRNA	GATA3 (Th2)
RORC	300	0	0	0	1.3	Th1 (+IL12)	no miRNA	RORC (Th17)
FOXP3	300	43	14.3	10.8	18.8	Th1 (+IL12)	no miRNA	FOXP3 (iTreg)
BCL6	300	0	0	0	1.3	Th1 (+IL12)	no miRNA	BCL6 (Tfh)
AHR	300	71	23.7	19.2	28.8	Th1 (+IL12)	no miRNA	AHR (Th22)
SPI1-PU1	300	0	0	0	1.3	Th1 (+IL12)	no miRNA	SPI1-PU1 (Th9)
TBX21	300	204	68	62.5	73	Th1 (+IL12)	miR-155-5p only	TBX21 (Th1)
GATA3	300	35	11.7	8.5	15.8	Th1 (+IL12)	miR-155-5p only	GATA3 (Th2)
RORC	300	0	0	0	1.3	Th1 (+IL12)	miR-155-5p only	RORC (Th17)
FOXP3	300	86	28.7	23.8	34	Th1 (+IL12)	miR-155-5p only	FOXP3 (iTreg)
BCL6	300	0	0	0	1.3	Th1 (+IL12)	miR-155-5p only	BCL6 (Tfh)
AHR	300	39	13	9.7	17.3	Th1 (+IL12)	miR-155-5p only	AHR (Th22)
SPI1-PU1	300	0	0	0	1.3	Th1 (+IL12)	miR-155-5p only	SPI1-PU1 (Th9)
TBX21	300	212	70.7	65.3	75.5	Th1 (+IL12)	miR-34c-5p only	TBX21 (Th1)
GATA3	300	127	42.3	36.9	48	Th1 (+IL12)	miR-34c-5p only	GATA3 (Th2)
RORC	300	0	0	0	1.3	Th1 (+IL12)	miR-34c-5p only	RORC (Th17)
FOXP3	300	35	11.7	8.5	15.8	Th1 (+IL12)	miR-34c-5p only	FOXP3 (iTreg)
BCL6	300	0	0	0	1.3	Th1 (+IL12)	miR-34c-5p only	BCL6 (Tfh)
AHR	300	61	20.3	16.2	25.2	Th1 (+IL12)	miR-34c-5p only	AHR (Th22)
SPI1-PU1	300	0	0	0	1.3	Th1 (+IL12)	miR-34c-5p only	SPI1-PU1 (Th9)
TBX21	300	207	69	63.6	74	Th1 (+IL12)	both	TBX21 (Th1)
GATA3	300	50	16.7	12.9	21.3	Th1 (+IL12)	both	GATA3 (Th2)
RORC	300	0	0	0	1.3	Th1 (+IL12)	both	RORC (Th17)
FOXP3	300	76	25.3	20.7	30.5	Th1 (+IL12)	both	FOXP3 (iTreg)
BCL6	300	0	0	0	1.3	Th1 (+IL12)	both	BCL6 (Tfh)
AHR	300	37	12.3	9.1	16.5	Th1 (+IL12)	both	AHR (Th22)
SPI1-PU1	300	0	0	0	1.3	Th1 (+IL12)	both	SPI1-PU1 (Th9)
TBX21	300	0	0	0	1.3	Th2 (+IL4)	no miRNA	TBX21 (Th1)
GATA3	300	148	49.3	43.7	55	Th2 (+IL4)	no miRNA	GATA3 (Th2)
RORC	300	0	0	0	1.3	Th2 (+IL4)	no miRNA	RORC (Th17)
FOXP3	300	100	33.3	28.2	38.8	Th2 (+IL4)	no miRNA	FOXP3 (iTreg)
BCL6	300	0	0	0	1.3	Th2 (+IL4)	no miRNA	BCL6 (Tfh)
AHR	300	77	25.7	21.1	30.9	Th2 (+IL4)	no miRNA	AHR (Th22)
SPI1-PU1	300	0	0	0	1.3	Th2 (+IL4)	no miRNA	SPI1-PU1 (Th9)
TBX21	300	0	0	0	1.3	Th2 (+IL4)	miR-155-5p only	TBX21 (Th1)
GATA3	300	41	13.7	10.2	18	Th2 (+IL4)	miR-155-5p only	GATA3 (Th2)
RORC	300	0	0	0	1.3	Th2 (+IL4)	miR-155-5p only	RORC (Th17)
FOXP3	300	102	34	28.9	39.5	Th2 (+IL4)	miR-155-5p only	FOXP3 (iTreg)
BCL6	300	0	0	0	1.3	Th2 (+IL4)	miR-155-5p only	BCL6 (Tfh)
AHR	300	34	11.3	8.2	15.4	Th2 (+IL4)	miR-155-5p only	AHR (Th22)
SPI1-PU1	300	0	0	0	1.3	Th2 (+IL4)	miR-155-5p only	SPI1-PU1 (Th9)
TBX21	300	0	0	0	1.3	Th2 (+IL4)	miR-34c-5p only	TBX21 (Th1)
GATA3	300	139	46.3	40.8	52	Th2 (+IL4)	miR-34c-5p only	GATA3 (Th2)
RORC	300	0	0	0	1.3	Th2 (+IL4)	miR-34c-5p only	RORC (Th17)
FOXP3	300	90	30	25.1	35.4	Th2 (+IL4)	miR-34c-5p only	FOXP3 (iTreg)
BCL6	300	0	0	0	1.3	Th2 (+IL4)	miR-34c-5p only	BCL6 (Tfh)
AHR	300	66	22	17.7	27	Th2 (+IL4)	miR-34c-5p only	AHR (Th22)
SPI1-PU1	300	0	0	0	1.3	Th2 (+IL4)	miR-34c-5p only	SPI1-PU1 (Th9)
TBX21	300	0	0	0	1.3	Th2 (+IL4)	both	TBX21 (Th1)
GATA3	300	53	17.7	13.8	22.4	Th2 (+IL4)	both	GATA3 (Th2)
RORC	300	0	0	0	1.3	Th2 (+IL4)	both	RORC (Th17)
FOXP3	300	116	38.7	33.3	44.3	Th2 (+IL4)	both	FOXP3 (iTreg)
BCL6	300	0	0	0	1.3	Th2 (+IL4)	both	BCL6 (Tfh)
AHR	300	31	10.3	7.4	14.3	Th2 (+IL4)	both	AHR (Th22)
SPI1-PU1	300	0	0	0	1.3	Th2 (+IL4)	both	SPI1-PU1 (Th9)
TBX21	300	0	0	0	1.3	Th17 (+IL6+TGFB)	no miRNA	TBX21 (Th1)
GATA3	300	138	46	40.4	51.7	Th17 (+IL6+TGFB)	no miRNA	GATA3 (Th2)
RORC	300	220	73.3	68.1	78	Th17 (+IL6+TGFB)	no miRNA	RORC (Th17)
FOXP3	300	56	18.7	14.7	23.5	Th17 (+IL6+TGFB)	no miRNA	FOXP3 (iTreg)
BCL6	300	221	73.7	68.4	78.3	Th17 (+IL6+TGFB)	no miRNA	BCL6 (Tfh)
AHR	300	159	53	47.3	58.6	Th17 (+IL6+TGFB)	no miRNA	AHR (Th22)
SPI1-PU1	300	191	63.7	58.1	68.9	Th17 (+IL6+TGFB)	no miRNA	SPI1-PU1 (Th9)
TBX21	300	0	0	0	1.3	Th17 (+IL6+TGFB)	miR-155-5p only	TBX21 (Th1)
GATA3	300	35	11.7	8.5	15.8	Th17 (+IL6+TGFB)	miR-155-5p only	GATA3 (Th2)
RORC	300	161	53.7	48	59.2	Th17 (+IL6+TGFB)	miR-155-5p only	RORC (Th17)
FOXP3	300	84	28	23.2	33.3	Th17 (+IL6+TGFB)	miR-155-5p only	FOXP3 (iTreg)
BCL6	300	26	8.7	6	12.4	Th17 (+IL6+TGFB)	miR-155-5p only	BCL6 (Tfh)
AHR	300	34	11.3	8.2	15.4	Th17 (+IL6+TGFB)	miR-155-5p only	AHR (Th22)
SPI1-PU1	300	23	7.7	5.2	11.2	Th17 (+IL6+TGFB)	miR-155-5p only	SPI1-PU1 (Th9)
TBX21	300	0	0	0	1.3	Th17 (+IL6+TGFB)	miR-34c-5p only	TBX21 (Th1)
GATA3	300	125	41.7	36.2	47.3	Th17 (+IL6+TGFB)	miR-34c-5p only	GATA3 (Th2)
RORC	300	166	55.3	49.7	60.9	Th17 (+IL6+TGFB)	miR-34c-5p only	RORC (Th17)
FOXP3	300	33	11	7.9	15	Th17 (+IL6+TGFB)	miR-34c-5p only	FOXP3 (iTreg)
BCL6	300	177	59	53.4	64.4	Th17 (+IL6+TGFB)	miR-34c-5p only	BCL6 (Tfh)
AHR	300	98	32.7	27.6	38.2	Th17 (+IL6+TGFB)	miR-34c-5p only	AHR (Th22)
SPI1-PU1	300	127	42.3	36.9	48	Th17 (+IL6+TGFB)	miR-34c-5p only	SPI1-PU1 (Th9)
TBX21	300	0	0	0	1.3	Th17 (+IL6+TGFB)	both	TBX21 (Th1)
GATA3	300	52	17.3	13.5	22	Th17 (+IL6+TGFB)	both	GATA3 (Th2)
RORC	300	157	52.3	46.7	57.9	Th17 (+IL6+TGFB)	both	RORC (Th17)
FOXP3	300	83	27.7	22.9	33	Th17 (+IL6+TGFB)	both	FOXP3 (iTreg)
BCL6	300	28	9.3	6.5	13.2	Th17 (+IL6+TGFB)	both	BCL6 (Tfh)
AHR	300	33	11	7.9	15	Th17 (+IL6+TGFB)	both	AHR (Th22)
SPI1-PU1	300	20	6.7	4.4	10.1	Th17 (+IL6+TGFB)	both	SPI1-PU1 (Th9)
TBX21	300	0	0	0	1.3	Treg (+TGFB)	no miRNA	TBX21 (Th1)
GATA3	300	138	46	40.4	51.7	Treg (+TGFB)	no miRNA	GATA3 (Th2)
RORC	300	220	73.3	68.1	78	Treg (+TGFB)	no miRNA	RORC (Th17)
FOXP3	300	56	18.7	14.7	23.5	Treg (+TGFB)	no miRNA	FOXP3 (iTreg)
BCL6	300	221	73.7	68.4	78.3	Treg (+TGFB)	no miRNA	BCL6 (Tfh)
AHR	300	159	53	47.3	58.6	Treg (+TGFB)	no miRNA	AHR (Th22)
SPI1-PU1	300	191	63.7	58.1	68.9	Treg (+TGFB)	no miRNA	SPI1-PU1 (Th9)
TBX21	300	0	0	0	1.3	Treg (+TGFB)	miR-155-5p only	TBX21 (Th1)
GATA3	300	35	11.7	8.5	15.8	Treg (+TGFB)	miR-155-5p only	GATA3 (Th2)
RORC	300	161	53.7	48	59.2	Treg (+TGFB)	miR-155-5p only	RORC (Th17)
FOXP3	300	84	28	23.2	33.3	Treg (+TGFB)	miR-155-5p only	FOXP3 (iTreg)
BCL6	300	26	8.7	6	12.4	Treg (+TGFB)	miR-155-5p only	BCL6 (Tfh)
AHR	300	34	11.3	8.2	15.4	Treg (+TGFB)	miR-155-5p only	AHR (Th22)
SPI1-PU1	300	23	7.7	5.2	11.2	Treg (+TGFB)	miR-155-5p only	SPI1-PU1 (Th9)
TBX21	300	0	0	0	1.3	Treg (+TGFB)	miR-34c-5p only	TBX21 (Th1)
GATA3	300	126	42	36.6	47.7	Treg (+TGFB)	miR-34c-5p only	GATA3 (Th2)
RORC	300	164	54.7	49	60.2	Treg (+TGFB)	miR-34c-5p only	RORC (Th17)
FOXP3	300	33	11	7.9	15	Treg (+TGFB)	miR-34c-5p only	FOXP3 (iTreg)
BCL6	300	178	59.3	53.7	64.7	Treg (+TGFB)	miR-34c-5p only	BCL6 (Tfh)
AHR	300	98	32.7	27.6	38.2	Treg (+TGFB)	miR-34c-5p only	AHR (Th22)
SPI1-PU1	300	127	42.3	36.9	48	Treg (+TGFB)	miR-34c-5p only	SPI1-PU1 (Th9)
TBX21	300	0	0	0	1.3	Treg (+TGFB)	both	TBX21 (Th1)
GATA3	300	52	17.3	13.5	22	Treg (+TGFB)	both	GATA3 (Th2)
RORC	300	157	52.3	46.7	57.9	Treg (+TGFB)	both	RORC (Th17)
FOXP3	300	83	27.7	22.9	33	Treg (+TGFB)	both	FOXP3 (iTreg)
BCL6	300	28	9.3	6.5	13.2	Treg (+TGFB)	both	BCL6 (Tfh)
AHR	300	33	11	7.9	15	Treg (+TGFB)	both	AHR (Th22)
SPI1-PU1	300	20	6.7	4.4	10.1	Treg (+TGFB)	both	SPI1-PU1 (Th9)
